epoch,time,train/box_loss,train/cls_loss,train/dfl_loss,metrics/precision(B),metrics/recall(B),metrics/mAP50(B),metrics/mAP50-95(B),val/box_loss,val/cls_loss,val/dfl_loss,lr/pg0,lr/pg1,lr/pg2
1,24.974,1.384,5.94111,1.73009,0.59492,0.72794,0.74708,0.55338,0.94435,3.3033,1.21337,0.000509361,0.000509361,0.000509361
2,28.7595,1.17024,4.05488,1.47359,0.58901,0.25,0.14018,0.06689,1.61581,5.64547,2.38572,0.00104745,0.00104745,0.00104745
3,32.878,1.14293,2.23008,1.43623,0,0,0,0,2.67701,24891.9,26.7955,0.00156721,0.00156721,0.00156721
4,36.0967,1.01459,2.05225,1.29263,8e-05,0.125,3e-05,2e-05,2.76955,33963.3,87.9522,0.00158448,0.00158448,0.00158448
5,39.4398,0.86622,1.34896,1.19962,0.00276,0.40441,0.00323,0.00092,3.04176,14763.6,106.112,0.00155698,0.00155698,0.00155698
6,43.5772,0.88596,1.02622,1.19538,0.0021,0.40441,0.00287,0.00083,2.80804,124.301,7.73431,0.00152947,0.00152947,0.00152947
7,47.1127,0.82485,0.82886,1.1686,0.45619,0.30147,0.20778,0.08242,1.49133,9.37718,1.81699,0.00150197,0.00150197,0.00150197
8,50.3781,0.8096,0.81999,1.15529,0.96031,0.44118,0.49646,0.39271,1.11657,1.94296,1.71524,0.00147446,0.00147446,0.00147446
9,53.5622,0.75918,0.7372,1.14508,0.91278,0.41787,0.47451,0.38629,1.08135,1.37601,2.17023,0.00144696,0.00144696,0.00144696
10,57.7351,0.70472,0.65231,1.07763,0.45948,0.26471,0.37268,0.29733,1.1663,2.00997,1.61449,0.00141945,0.00141945,0.00141945
11,61.0475,0.70813,0.68096,1.08714,0.48586,0.41176,0.43096,0.36623,0.98624,1.59507,1.38946,0.00139195,0.00139195,0.00139195
12,64.2647,0.66534,0.60503,1.08377,0.89537,0.97059,0.98848,0.86424,0.64526,0.97736,1.0207,0.00136444,0.00136444,0.00136444
13,67.5589,0.63334,0.5507,1.05984,0.8006,0.72059,0.74146,0.62314,0.70645,1.10681,1.06957,0.00133693,0.00133693,0.00133693
14,71.7907,0.63803,0.5588,1.04854,0.48769,0.47059,0.4958,0.43612,0.8133,1.29606,1.20777,0.00130943,0.00130943,0.00130943
15,75.0787,0.71055,0.57706,1.12227,1,0.97388,0.995,0.88234,0.52509,0.85166,0.93986,0.00128192,0.00128192,0.00128192
16,78.4497,0.63018,0.57675,1.05453,0.94547,0.94901,0.99237,0.85854,0.58566,0.95526,0.99605,0.00125442,0.00125442,0.00125442
17,81.8017,0.63078,0.57012,1.06721,0.97193,0.95856,0.99361,0.84277,0.63305,0.73146,1.0029,0.00122691,0.00122691,0.00122691
18,85.8778,0.63179,0.55633,1.05844,0.9108,1,0.995,0.85181,0.59642,0.98667,0.97756,0.00119941,0.00119941,0.00119941
19,89.1356,0.63226,0.53972,1.05486,0.96429,0.96561,0.995,0.87846,0.52709,0.54464,0.95136,0.0011719,0.0011719,0.0011719
20,92.3529,0.62891,0.50702,1.05131,0.97923,1,0.995,0.89211,0.51398,0.46585,0.92839,0.0011444,0.0011444,0.0011444
21,96.2861,0.60577,0.53325,1.05521,0.98362,1,0.995,0.86651,0.51267,0.51656,0.943,0.00111689,0.00111689,0.00111689
22,99.957,0.58736,0.49967,1.04564,0.96075,1,0.995,0.87822,0.48137,0.43719,0.92015,0.00108938,0.00108938,0.00108938
23,103.187,0.5784,0.45572,1.0369,0.98564,1,0.995,0.81356,0.49395,0.35724,0.94313,0.00106188,0.00106188,0.00106188
24,106.373,0.57165,0.44782,1.02505,0.98587,1,0.995,0.81354,0.49795,0.34915,0.90961,0.00103437,0.00103437,0.00103437
25,110.382,0.56531,0.44004,1.01134,0.98396,1,0.995,0.8191,0.54443,0.34464,0.91642,0.00100687,0.00100687,0.00100687
26,114.035,0.51925,0.41622,0.99468,0.99037,1,0.995,0.87139,0.56429,0.34922,0.92052,0.000979362,0.000979362,0.000979362
27,117.25,0.59267,0.44545,1.03304,0.99181,1,0.995,0.88855,0.48894,0.31104,0.90467,0.000951857,0.000951857,0.000951857
28,120.485,0.53919,0.42329,0.99448,0.8835,0.96512,0.995,0.88016,0.49899,0.41193,0.90567,0.000924352,0.000924352,0.000924352
29,124.756,0.49861,0.42261,0.99493,0.91366,0.95221,0.995,0.87067,0.535,0.42235,0.93408,0.000896846,0.000896846,0.000896846
30,128.027,0.5055,0.39937,0.99515,0.99274,0.97503,0.995,0.89235,0.50167,0.33497,0.92172,0.00086934,0.00086934,0.00086934
31,131.326,0.51519,0.41594,0.99439,0.97201,0.9962,0.995,0.88323,0.5104,0.34046,0.92048,0.000841835,0.000841835,0.000841835
32,134.572,0.53111,0.41182,1.01552,0.97941,0.96516,0.99237,0.88291,0.49025,0.35758,0.91966,0.000814329,0.000814329,0.000814329
33,138.692,0.49972,0.39468,0.9786,0.94967,0.94357,0.995,0.86931,0.54868,0.35256,0.95861,0.000786824,0.000786824,0.000786824
34,142.086,0.5247,0.3941,0.99459,0.98174,0.99389,0.995,0.8845,0.51845,0.31825,0.9473,0.000759318,0.000759318,0.000759318
35,145.323,0.54981,0.42958,1.0241,0.98718,1,0.995,0.87423,0.54942,0.30419,1.01154,0.000731813,0.000731813,0.000731813
36,149.195,0.53174,0.42818,1.01818,0.98073,1,0.995,0.89648,0.46478,0.3153,0.95439,0.000704307,0.000704307,0.000704307
37,152.95,0.4926,0.41973,0.98245,0.97378,0.94933,0.995,0.88723,0.48757,0.3123,0.96748,0.000676802,0.000676802,0.000676802
38,156.336,0.50163,0.38411,1.00372,0.98477,0.99742,0.995,0.88624,0.47456,0.27212,0.95988,0.000649297,0.000649297,0.000649297
39,159.584,0.44467,0.33784,0.95134,0.98935,0.99786,0.995,0.89453,0.46921,0.29202,0.90329,0.000621791,0.000621791,0.000621791
40,163.672,0.4984,0.38643,1.00569,0.9856,0.99536,0.995,0.8947,0.47502,0.2878,0.91047,0.000594286,0.000594286,0.000594286
41,167.203,0.47657,0.37383,0.98391,0.99101,1,0.995,0.93859,0.38307,0.27373,0.86977,0.00056678,0.00056678,0.00056678
42,170.514,0.49068,0.38523,0.99155,0.9921,1,0.995,0.90065,0.44492,0.26324,0.9018,0.000539275,0.000539275,0.000539275
43,173.722,0.46936,0.36857,0.99493,0.99037,1,0.995,0.92094,0.40765,0.2624,0.87366,0.000511769,0.000511769,0.000511769
44,177.925,0.44997,0.36411,0.9673,0.98964,1,0.995,0.91164,0.37516,0.25743,0.85501,0.000484263,0.000484263,0.000484263
45,181.163,0.48361,0.36953,0.99422,0.99039,0.99819,0.995,0.88865,0.39434,0.27913,0.86389,0.000456758,0.000456758,0.000456758
46,184.374,0.44836,0.34286,0.97358,0.99318,1,0.995,0.89137,0.38656,0.25909,0.8597,0.000429253,0.000429253,0.000429253
47,187.799,0.46448,0.34374,0.97887,0.99829,1,0.995,0.88298,0.42531,0.25072,0.90742,0.000401747,0.000401747,0.000401747
48,191.822,0.44609,0.35563,0.95649,0.99844,1,0.995,0.90441,0.44626,0.2472,0.90414,0.000374242,0.000374242,0.000374242
49,195.089,0.42853,0.33704,0.969,0.99285,1,0.995,0.87929,0.49831,0.24774,0.93369,0.000346736,0.000346736,0.000346736
50,198.367,0.43094,0.33227,0.96014,0.99237,1,0.995,0.89546,0.44446,0.23612,0.91334,0.000319231,0.000319231,0.000319231
51,204.519,0.32953,0.2568,0.86561,0.99421,1,0.995,0.89868,0.40482,0.23002,0.90044,0.000291725,0.000291725,0.000291725
52,207.828,0.29625,0.22401,0.83956,0.99405,1,0.995,0.90379,0.39976,0.22067,0.90111,0.00026422,0.00026422,0.00026422
53,210.845,0.3045,0.22927,0.85067,0.9927,1,0.995,0.90797,0.39685,0.22009,0.90133,0.000236714,0.000236714,0.000236714
54,213.876,0.30358,0.23002,0.84026,0.99223,1,0.995,0.89556,0.42179,0.21382,0.90142,0.000209209,0.000209209,0.000209209
55,217.975,0.2918,0.22183,0.86372,0.99235,1,0.995,0.89291,0.41025,0.21686,0.89583,0.000181703,0.000181703,0.000181703
56,221.008,0.32084,0.24273,0.85824,0.99253,1,0.995,0.89174,0.41182,0.21475,0.89508,0.000154198,0.000154198,0.000154198
57,224.021,0.30017,0.23136,0.85265,0.99309,1,0.995,0.89715,0.42972,0.20846,0.90654,0.000126692,0.000126692,0.000126692
58,227.058,0.27567,0.20978,0.85641,0.99314,1,0.995,0.89715,0.42167,0.21409,0.90475,9.91865e-05,9.91865e-05,9.91865e-05
59,231.02,0.27328,0.22129,0.85121,0.99318,1,0.995,0.89835,0.40606,0.21322,0.89644,7.1681e-05,7.1681e-05,7.1681e-05
60,234.119,0.25739,0.21259,0.8218,0.99303,1,0.995,0.89836,0.40279,0.20788,0.89596,4.41755e-05,4.41755e-05,4.41755e-05
